original;translation;
"""6J";
(;
(DUŻEGO);(BIG)
(ELEKTRYCZNE);(ELECTRIC)
(KURNIK);(SLEEPER CAB)
(PNEUMATYCZNY);(PNEUMATIC)
(POLEWACZKA);(STREET SPRINKLER)
(SMOK);(OIL PICKUP TUBE)
+;
+POMPA;+PUMP
,;
-;
0.1;
1;
05/S;
8;
1/2J;
10;
10.5J;
106;
10EL;
10J;
110/80-17;
1100;
110R000040;
115/70;
115/90;
120;
1200;
125,80;
125/;
125/70;
125/80;
125/85;
125/90;
12MM;
13;
130/70-13;
135/70;
135/80;
135/90;
14;
"14""";
145/85;
15;
"15""";
1500;
155,90;
155/70;
155/90;
15MM;
16;
"16""";
"16""5X108";
16'';
160/60ZR17;
17;
"17""";
175/70/14;
18;
"18""";
185/65;
185/65/15;
18ZR/ZL;
19;
"19""";
190/50;
195/55;
1952044;
1972590;
1SZT;1PC
2;
2.0;
20;
"20""";
200;
2000;
2013;
205/55;
205/60;
20L;
210;
215/65/15C;
21B;
21R;
225/45;
225/55;
225/55/16;
225\55\17;
230V;
232;
235/55;
235/60/18;
235\55\18;
24;
245/40;
245/40/19;
245/45;
24V/12V;
25;
255/35;
255/50;
265/65;
266;
275;
275/35;
275/50/19;
29;
295X28;
2NH;
2PIN;
2RD;
2SZT;2PCS
2T2T;
3;
30;
30L;
30MM;
315/70;
315/70/22,5;
3200;
330MM;
348MM;
35;
360;
37;
37,5;
38;
39;
3PIN;
3X;
4;
4,5J;
40;
40,5;
40L;
41;
41V;
42;
42B;
44;
440KM;440HP
444/B;
44V;
45;
46;
47,5;
47/14;
48;
48V;
49;
4CYL;4-CYLINDER
4L4L;
4PIN;
4SZT;4PCS
4WD;
4X100;
4X108;
4X98;
5;
5,5J;
5-RAMIENNY;5-SPOKE
5.2B;
50;
50,5;
51;
54;
54,1;
55;
56;
56,1;
56,6;
57,1;
57.1;
58,1;
58.1;
5J;
5PIN;
5X100;
5X108;
5X110;
5X112;
5X114,3;
5X114.3;
5X115;
5X11O;
5X120;
5X130;
5X1312;
5X98;
6;
6,5;
6,5J;
6.5J;
60;
60,1;
60.1;
600L;
63;
63,3;
64;
65;
66;
66,1;
66,6;
66.1;
66.6;
67;
67,1;
67R-010194;
67R-010213;
67R-010256;
67R-010951;
67R-013787;
67R-016865;
67R010104;
67R010286;
67R0211415;
69;
695;
6J;
6PIN;
6SZT;6PCS
6WB;
6X139;
6X6;
7,5;
7,5J;
7.5J;
70;
70,6;
70.1;
71;
71,6;
72;
72,1;
72,3;
72,5;
72,6;
72.6;
73;
74;
76;
7J;
7PIN;
8,5J;
8,5J,;
8.5J;
8.5J/8J;
809D;
89;
8CM;
8E8E;
8I;
8J;
9,5J;
9.5J;
90;
90KM;90HP
95-01;
99;
9J;
A;
A90;
A96;
AAM;
ABARTH;
ABC;
ABS;
ABSORBER;ABSORBER
AC;
ACC;
ACTIVE;
AD;
ADAPTER;ADAPTER
ADAPTEROWY;ADAPTER
ADAPTIVE;
ADAŚ;ADAS
ADBLUE;
ADK;
AGREGAT;UNIT
AGREGATU;UNIT
AHL;
AIR;
AIRBAG;AIRBAG
AIRMATIC;
AIRTRONIC;
AKTYWATOR;ACTIVATOR
AKTYWNE;ACTIVE
AKTYWNEGO;ACTIVE
AKTYWNY;ACTIVE
AKUMULATOR;BATTERY
AKUMULATORA;BATTERY
AKUMULATORY;BATTERIES
AKUMULATORÓW;BATTERIES
ALARMU;ALARM
ALKANTARA;ALCANTARA
ALLROAD;
ALPINE;
ALTERNATOR;ALTERNATOR
ALTERNATORA;ALTERNATOR
ALUMINIOWA;ALUMINUM
ALUMINIOWE;ALUMINUM
ALUMINIUM;ALUMINUM
AM;AM
AMBIENT;AMBIENT
AMBIENTE;AMBIENTE
AMBULANS;AMBULANCE
AMBULANSU;AMBULANCE
AMG;AMG
AMI;AMI
AMORTYZATO;SHOCK ABSORBER
AMORTYZATOR;SHOCK ABSORBER
AMORTYZATORA;SHOCK ABSORBER
AMORTYZATORY;SHOCK ABSORBERS
AND;AND
ANTENA;ANTENNA
ANTENOWY;ANTENNA
ANTENY;ANTENNA
ANTENĄ;ANTENNA
AP;AP
APARAT;DISTRIBUTOR
APTECZKI;FIRST AID KIT
ARMREST;ARMREST
AROMATYZER;AIR FRESHENER
ASSIST;ASSIST
ASSY;ASSY
ASYSTENT;ASSISTANT
ASYSTENTA;ASSISTANT
ASYSTETNT;ASSISTANT
AT07;AT07
ATRAPA;GRILLE
ATRAPY;GRILLE
AUC;AUC
AUDIO;AUDIO
AUTO;AUTO
AUTOHOLD;AUTOHOLD
AUTOMAT;AUTOMATIC
AUTOMATYCZNY;AUTOMATIC
AUX;AUX
AWARYJNA;EMERGENCY
AWARYJNE;EMERGENCY
AWARYJNYCH;EMERGENCY
AWD;AWD
B;B
BAG;BAG
BAGAŻNIKA;BOOT / TRUNK
BAGAŻNIK;BOOT / TRUNK
BAGAŻNIKA;BOOT / TRUNK
BAGAŻOWEGO;LUGGAGE
BAGAŻU;LUGGAGE
BAK;FUEL TANK
BAKU;FUEL TANK
BALANSOWE;BALANCE
BALANSOWY;BALANCE
BALANSUJĄCY;BALANCING
BANG;BANG
BANG-OLUFSEN;BANG-OLUFSEN
BARRACUDA;BARRACUDA
BASIC;BASIC
BATERI;BATTERY
BATERIA;BATTERY
BATERII;BATTERY
BCF;BCF
BCM;BCM
BCM1;BCM1
BD0880;BD0880
BDC;BDC;
BECKER;BECKER
BELKA;BEAM / BAR
BELKA;BEAM / BAR
BELKI;BEAMS / BARS
BETONOMIESZARK;CONCRETE MIXER
BEZPIECZEŃSTWA;SAFETY
BEZPIECZNIK;FUSE
BEZPIECZNIKÓW;FUSE BOX / FUSES
BFC;BFC
BI;BI
BI-XENON;BI-XENON
BIC;BIC
BIEGÓW;GEARS
BIEGÓW+TRYBY;GEARS+MODES
BILSTEIN;BILSTEIN
BINOTTO;BINOTTO
BLACHA;SHEET METAL
BLACK;BLACK
BLENDA;TRIM PANEL
BLIS;BLIS
BLOK;BLOCK
BLOKADA;LOCK
BLOKADY;LOCKS
BLUE;BLUE
BLUE-ME;BLUE-ME
BLUEME;BLUEME
BLUETOOTH;BLUETOOTH
BMCC;BMCC
BMW;BMW
BOCZEK;DOOR PANEL / CARD
BOCZKA;DOOR PANEL / CARD
BOCZKI;DOOR PANELS / CARDS
BOCZNA;SIDE
BOCZNEJ;SIDE
BOCZNYCH;SIDE
BODY;BODY
BOK;SIDE
BORDNETZ;BORDNETZ
BOSE;BOSE
BOX;BOX
BPV;BPV
BPW;BPW
BRABUS;BRABUS
BRAMKI;GATEWAY
BRAMY;GATE
BRC;BRC
BREMBO;BREMBO
BRZĘCZEK;BUZZER
BRZĘCZYK;BUZZER
BSC;BSC
BSI;BSI
BSM;BSM
BURMESTER;BURMESTER
BURTA;SIDEBOARD
BURTY;SIDEBOARDS
BUTLA;CYLINDER / TANK
BUZZER;BUZZER
BWS1;BWS1
BŁOTNIK;FENDER / MUDGUARD
BŁOTNIKA;FENDER / MUDGUARD
BŁYSKOWA;FLASHING
C;
C007;
C06;
CAD;
CALSONIC;
CARBON;
CARRIER;
CAS;
CASCADE;
CD;
CELLPHONE;
CEM;
CENTR;CENTRAL
CENTR,;CENTRAL
CENTR,65;CENTRAL 65
CENTR.;CENTRAL
CENTR.65;CENTRAL 65
CENTR.66,6;CENTRAL 66.6
CENTR.67;CENTRAL 67
CENTR72;CENTRAL 72
CENTRALKA;CONTROL UNIT
CENTRALNEGO;CENTRAL
CENTRUJĄCY:;CENTERING:
CEWKA;COIL
CEWKI;COILS
CHLAPACZ;MUD FLAP
CHROM;CHROME
CHWYTAK;GRIPPER / HOLDER
CHŁODNIA;REFRIGERATOR / COOLER
CHŁODNIC;RADIATORS
CHŁODNICA;RADIATOR
CHŁODNICE;RADIATORS
CHŁODNICY;RADIATOR
CHŁODNICZEGO;COOLING
CHŁODNICZKA;OIL COOLER / SMALL RADIATOR
CHŁODNICZY;COOLING
CHŁODNICĄ;RADIATOR
CHŁODZENIA;COOLING
CHŁODZĄCEGO;COOLANT
CIC;
CIOM;
CISNIENIA;PRESSURE
CIĘŻAREK;WEIGHT
CIŚNIENIA;PRESSURE
CIŚNIENIE;PRESSURE
CLARION;
CLIMA;
CLIMBOX;
CNG;
COFANIA;REVERSE
COMAND;
COMBOX;
CONTROL;
CUP;
CUPRA;
CUV;
CVM;
CWIARTKA;QUARTER PANEL
CYBANT;U-BOLT / CLAMP
CYFROWY;DIGITAL
CYKORŁAPKA;GRAB HANDLE
CZARNA;BLACK
CZARNY;BLACK
CZOŁOWEJ;FRONT
CZUJNIK;SENSOR
CZUJNIKA;SENSOR
CZUJNIKI;SENSORS
CZUJNIKIEM;WITH SENSOR
CZUJNIKÓW;SENSORS
CZUJNK;SENSOR
CZUJNKI;SENSORS
CZWÓRKA;FOUR-SEATER / FOUR
CZYTNIK;READER
CZĄSTEK;PARTICULATE
CZĘŚĆ;PART
D;D
D.;D.
D4;D4
DACH;ROOF
DACHOWA;ROOF
DACHOWE;ROOF
DACHOWY;ROOF
DACHU;ROOF
DACU-3;DACU-3
DAF;DAF
DASZEK;SUN VISOR / COVER
DASZKI;SUN VISORS / COVERS
DAYTON;DAYTON
DCDC;DCDC
DDX5026;DDX5026
DEKIEL;COVER / CAP
DEKIELEKI;COVERS / CAPS
DEKOR;DECOR / TRIM
DEKORY;DECORS / TRIMS
DENON;DENON
DESCE;DASHBOARD
DESKA;DASHBOARD
DESKI;DASHBOARD
DESKĘ;DASHBOARD
DESZCZU;RAIN
DIAGNOSTYCZNE;DIAGNOSTIC
DIEGO;DIEGO
DIN;DIN
DISA;DISA
DISTRONIC;DISTRONIC
DIVERSITY;DIVERSITY
DMUCHAWA;BLOWER / FAN
DMUCHAWY;BLOWER / FAN
DO;TO / FOR
DOCIAG;SOFT CLOSE / TIGHTENING
DOCISK;CLUTCH PRESSURE PLATE
DOCIĄG;SOFT CLOSE / TIGHTENING
DODATKOWA;ADDITIONAL
DODATNIA;POSITIVE
DOJAZDOWE;SPACE SAVER / SPARE
DOJAZDÓWKA;SPACE SAVER SPARE WHEEL
DOKA;DOUBLE CAB
DOKŁADKA;SPOILER LIP / EXTENSION
DOLNA;LOWER / BOTTOM
DOLNE;LOWER / BOTTOM
DOLNEGO;LOWER / BOTTOM
DOLNY;LOWER / BOTTOM
DOLOT;INTAKE
DOLOTOWA;INTAKE
DOLOTU;INTAKE
DOPROWADZAJĄCY;INLET / FEED
DOZOWNIK;DISPENSER
DOZUJĄCY;DOSING
DOŁADOWANIA;BOOST / CHARGING
DPF;DPF
DRABINKA;LADDER
DREAM;DREAM
DRGAŃ;VIBRATIONS
DRIVE;DRIVE
DRL;DRL
DRUGI;SECOND
DRZWI;DOOR
DRĄŻEK;ROD / BAR
DRĄŻEK;ROD / BAR
DRĄŻKA;ROD / BAR
DSC;DSC
DSG;DSG
DTC;DTC
DUBEL;DOUBLE
DV369;DV369
DVB-T;DVB-T
DVD;DVD
DWA;TWO
DWIE;TWO
DWUMASA;DUAL MASS FLYWHEEL
DWUMASOWE;DUAL MASS
DWÓJKA;TWO-SEATER / TWO
DYFER;DIFFERENTIAL
DYFRA;DIFFERENTIAL
DYFUZOR;DIFFUSER
DYNAMIC;DYNAMIC
DYSTANS;WHEEL SPACER
DYSTANSE;WHEEL SPACERS
DYSZA;NOZZLE
DYSZE;NOZZLES
DYWAN;CARPET
DYWANIKI;FLOOR MATS
DZRWI;DOOR
DZWIGNIA;LEVER
DÓŁ;BOTTOM
DŹWIGNI;LEVER
DŹWIGNIA;LEVER
DŹWIGNIĄ;LEVER
DŹWIĘKU;SOUND
E-LOOP;E-LOOP
E32;E32
EZR;EZR
EASYTRONIC;EASYTRONIC
EBS;EBS
EBS/ABS;EBS/ABS
EC57;EC57
ECALL;ECALL
ECAS;ECAS
ECO;ECO
ECON;ECON
ECS;ECS
ECU;ECU
EDC;EDC
EFP;EFP
EGR;EGR
EGT;EGT
EIBACH;EIBACH
EKRAN;SCREEN / DISPLAY
EKRANU;SCREEN / DISPLAY
EL;ELECTRIC
ELASTYCZNA;FLEXIBLE
ELASTYCZNE;FLEXIBLE
ELASTYCZNY;FLEXIBLE
ELEKTROMAGNETYCZNY;ELECTROMAGNETIC
ELEKTRONIKA;ELECTRONICS
ELEKTROSTYK;ELECTRICAL CONTACT
ELEKTROZAWÓR;SOLENOID VALVE
ELEKTRYCZNA;ELECTRIC
ELEKTRYCZNE;ELECTRIC
ELEKTRYCZNEGO;ELECTRIC
ELEKTRYCZNY;ELECTRIC
ELEMENT;ELEMENT / PART
ELOBAU;ELOBAU
EMBLEMAT;EMBLEM / BADGE
EMM2;EMM2
EPB;EPB
EPCU;EPCU
EPP;EPP
ERD;ERD
ESP;ESP
ET;ET
ET10;ET10
ET18;ET18
ET19;ET19
ET20;ET20
ET23;ET23
ET24;ET24
ET25;ET25
ET28;ET28
ET29;ET29
ET30;ET30
ET33;ET33
ET35;ET35
ET37;ET37
ET38;ET38
ET39;ET39
ET40;ET40
ET41;ET41
ET42;ET42
ET43;ET43
ET44;ET44
ET45;ET45
ET46;ET46
ET47;ET47
ET48;ET48
ET50;ET50
ET50/47;ET50/47
ET51;ET51
ET52.5;ET52.5
ET53;ET53
ET55;ET55
ET56;ET56
ET57;ET57
ET60;ET60
EUROPA;EUROPE
EUROTECH;EUROTECH
EV;EV
EVO;EVO
EWS;EWS
EZR;EZR
F;F
F6F6;F6F6
F7Y;F7Y
F8Z;F8Z
F9E;F9E
FAB;FAB
FALOWNIK;INVERTER
FALOWNIKA;INVERTER
FAP;FAP
FARTUCH;DUST COVER / APRON
FARTUCHA;DUST COVER / APRON
FAZ;PHASES
FAZY;PHASES
FCIOM2;FCIOM2
FELGA;WHEEL RIM
FELGI;WHEEL RIMS
FELGIA;WHEEL RIM
FEM;FEM
FENIX;FENIX
FH12;FH12
FILCOWA;FELT
FILTR;FILTER
FILTRA;FILTER
FLEETBOARD;FLEETBOARD
FLY;FLY
FM;FM
FOTEL;SEAT
FOTELA;SEAT
FOTELE;SEATS
FOTELI;SEATS
FOTOCHROM;PHOTOCHROMIC
FULL;FULL
G3;G3
GAC;GAC
GATEWAY;GATEWAY
GAZOWA;GAS
GAZU;GAS
GAŁKA;KNOB
GAŹNIK;CARBURETOR
GBS;GBS
GENIUS;GENIUS
GNAZDO;SOCKET / SLOT
GNIAZDO;SOCKET / SLOT
GO;GO
GOFAST;GOFAST
GOLNA;BOTTOM
GPS;GPS
GRILL;GRILLE
GRILLA;GRILLE
GRIS;GRIS
GRODZIOWA;BULKHEAD / PARTITION
GRODZIOWEJ;BULKHEAD / PARTITION
GRUSZKA;VACUUM ACTUATOR / PUMP
GRZANIA;HEATING
GRZANIE;HEATING
GRZAŁKA;HEATER
GRZAŁKI;HEATERS
GSM;GSM
GT;GT
GTI;GTI
GTR;GTR
GUMA;RUBBER
GUMOWA;RUBBER
GUZIK;BUTTON
GWINT;THREAD
GWIZDEK;TWEETER
GÓRA;TOP
GÓRNA;UPPER / TOP
GÓRNE;UPPER / TOP
GÓRNY;UPPER / TOP
GÓRSKI;MOUNTAIN / ENGINE BRAKE
GÓRSKIEGO;MOUNTAIN / ENGINE BRAKE
GŁOSEM;VOICE
GŁOWICA;CYLINDER HEAD
GŁOWICY;CYLINDER HEAD
GŁOŚNIK;SPEAKER
GŁOŚNIKA;SPEAKER
GŁOŚNIKI;SPEAKERS
GŁOŚNOMÓWIĄCY;HANDSFREE
GŁOŚNOŚCI;VOLUME
GŁÓWNA;MAIN
GŁÓWNY;MAIN
HAAKON;HAAKON
HAK;HOOK / TOWBAR
HAKA;HOOK / TOWBAR
HALDEX;HALDEX
HALOGEN;FOG LIGHT
HALOGENU;FOG LIGHT
HALOGENÓW;FOG LIGHTS
HAMOWANIA;BRAKING
HAMULCA;BRAKE
HAMULCE;BRAKES
HAMULCOWA;BRAKE
HAMULCOWE;BRAKE
HAMULCOWEGO;BRAKE
HAMULCOWEJ;BRAKE
HAMULCOWY;BRAKE
HAMULCÓW;BRAKES
HAMULEC;BRAKE
HANA;HANA
HARMAN;HARMAN
HARMAN/BECKER;HARMAN/BECKER
HCM;HCM
HEAD;HEAD
HEDERA;CUTTER BAR / HEADER
HERCULES;HERCULES
HFM;HFM
HIFI;HIFI
HMI;HMI
HOKEJ;SPOILER / LIP
HOLD;HOLD
HOLDER;HOLDER
HOLOWNICZY;TOWING
HOMELINK;HOMELINK
HR10;HR10
HSR;HSR
HU;HU
HUDRAULCZNĄ;HYDRAULIC
HYBRID;HYBRID
HYBRYDA;HYBRID
HYBRYDY;HYBRID
HYDRAULICZNA;HYDRAULIC
HYDRAULICZNE;HYDRAULIC
HYDRAULICZNY;HYDRAULIC
HYDRAULIKI;HYDRAULICS
HYDROCAR;HYDROCAR
HYDROKINETYCZNE;TORQUE CONVERTER
HYDRAULICZNEGO;HYDRAULIC
I;I
I-STOP;I-STOP
IBS;IBS
IBU;IBU
ICAM2-ECU;ICAM2-ECU
ICM;ICM
IDRIVE;IDRIVE
IDS;IDS
IFA;IFA
II;II
III;III
IMMO;IMMO
IMMOBILIZERA;IMMOBILIZER
IMS;IMS
IN;IN
INDUKCYJNA;INDUCTION
INFINITY;INFINITY
INFORMACYJNA;INFORMATION
INSTALACJA;WIRING HARNESS / INSTALLATION
INSTALACJI;WIRING HARNESS / INSTALLATION
INTERCOOLER;INTERCOOLER
INTERCOOLERA;INTERCOOLER
INTERFACE;INTERFACE
INTERFEJSU;INTERFACE
INVERTER;INVERTER
INWENTERA;INVERTER
INWERTER;INVERTER
INWERTERA;INVERTER
IONIZER;IONIZER
IPOD;IPOD
IRMSCHER;IRMSCHER
ISA2;ISA2
ISOFIX;ISOFIX
IVECO;IVECO
IZOLACJA;INSULATION
J;J
J17M/CXMT6.00;J17M/CXMT6.00
J17XMT4.50;J17XMT4.50
J5;J5
JAKOŚCI;QUALITY
JASNOŚCI;BRIGHTNESS
JAZDY;DRIVING
JBL;JBL
JEDNOSTKA;UNIT
JET;JET
JEŻ;BLOWER RESISTOR
JONIZATORA;IONIZER
JOST;JOST
JSK;JSK
JSK40;JSK40
JVC;JVC
KABEL;CABLE / WIRE
KABINA;CABIN
KABINOWA;CABIN
KABINOWEGO;CABIN
KABINOWY;CABIN
KABINY;CABIN
KABINĄ;CABIN
KABLI;CABLES / WIRES
KAD;KAD
KAFAS;KAFAS
KAMER;CAMERAS
KAMERA;CAMERA
KAMERY;CAMERAS
KAMERĄ;CAMERA
KAMPER;CAMPER / RV
KANAPA;REAR BENCH SEAT
KANAPY;REAR BENCH SEAT
KANAŁ;CHANNEL / DUCT
KAPOTAŻ;ROLLOVER PROTECTION
KARDAN;PROPELLER SHAFT / KARDAN
KARDANA;PROPELLER SHAFT / KARDAN
KARDON;KARDON
KAROSERIA;BODYWORK
KAROSERYJNA;BODY
KAROSERYJNE;BODY
KAROSERYJNEJ;BODY
KART;CARDS
KARTA;CARD
KARTY;CARDS
KASETA;CASSETTE / CARTRIDGE
KATALIZATOR;CATALYTIC CONVERTER
KATALIZATORA;CATALYTIC CONVERTER
KAYLESS;KEYLESS
KBINY;CABIN
KE;KE
KENWOOD;KENWOOD
KESSY;KESSY
KEY;KEY
KEYLESS;KEYLESS
KGM;KGM
KICKDOWN;KICKDOWN
KIELICH;SHOCK TOWER / CUP
KIELICHÓW;SHOCK TOWERS / CUPS
KIEROWCY;DRIVER'S
KIEROWNICA;STEERING WHEEL
KIEROWNICY;STEERING WHEEL
KIEROWNICZ;STEERING
KIEROWNICZA;STEERING
KIEROWNICZEGO;STEERING
KIEROWNICZEJ;STEERING
KIEROWNICZY;STEERING
KIEROWNICĘ;STEERING WHEEL
KIERUNKOWSKAZ;TURN SIGNAL / INDICATOR
KIERUNKOWSKAZU;TURN SIGNAL / INDICATOR
KIERUNKOWSKAZY;TURN SIGNALS / INDICATORS
KIERUNKOWSKAZÓW;TURN SIGNALS / INDICATORS
KIPRA;TIPPER
KLAKSON;HORN
KLAMKA;DOOR HANDLE
KLAMKI;DOOR HANDLES
KLAP;FLAPS
KLAPA;BOOT LID / TAILGATE
KLAPEK;FLAPS
KLAPKA;FLAP / COVER
KLAPKI;FLAPS
KLAPY;BOOT LID / TAILGATE
KLAWIATURA;KEYPAD / KEYBOARD
KLEMA;BATTERY TERMINAL / CLAMP
KLEMY;BATTERY TERMINALS / CLAMPS
KLIMATYZACJA;AIR CONDITIONING
KLIMATYZACJI;AIR CONDITIONING
KLOCKI;BRAKE PADS
KLUCZYK;KEY
KLUCZYKA;KEY
KLUCZYKI;KEYS
KME;KME
KOGUT;BEACON LIGHT
KOGUT);BEACON LIGHT)
KOKPIT;DASHBOARD / COCKPIT
KOKPIT,;DASHBOARD / COCKPIT,
KOKPITU;DASHBOARD / COCKPIT
KOLANO;ELBOW / KNEE
KOLANOWA;KNEE
KOLEKTOR;MANIFOLD
KOLEKTORA;INTAKE MANIFOLD
KOLIZJI;COLLISION
KOLOR;COLOR
KOLUMNA;COLUMN
KOLUMNY;COLUMN
KOMBAJN;COMBINE HARVESTER
KOMBI;ESTATE / WAGON
KOMFORTU;COMFORT
KOMIN;EXHAUST STACK / SNORKEL
KOMINA;EXHAUST STACK / SNORKEL
KOMORY;CHAMBER
KOMPENSATOR;COMPENSATOR
KOMPLET;SET / KIT
KOMPLETEM;SET / KIT
KOMPLETNA;COMPLETE
KOMPLETNE;COMPLETE
KOMPLETNY;COMPLETE
KOMPRESOR;COMPRESSOR
KOMPRESORA;COMPRESSOR
KOMPUTER;COMPUTER / ECU
KOMPUTERA;COMPUTER / ECU
KOMUNIKACJI;COMMUNICATION
KOMÓRKOWY;CELLULAR / MOBILE
KONSOLA;CONSOLE
KONSOLI;CONSOLE
KONTENER;CONTAINER
KONTROLER;CONTROLLER
KONTROLERA;CONTROLLER
KONTROLI;CONTROL
KONTROLNY;CONTROL
KONWENTER;CONVERTER
KONWERTER;CONVERTER
KONWERTERA;CONVERTER
KOORDYNATOR;COORDINATOR
KORBOWEGO;CRANKSHAFT
KORBOWODEM;CONNECTING ROD
KORBOWODY;CONNECTING RODS
KORBOWY;CRANK
KORBOWÓD;CONNECTING ROD
KOREK;CAP / PLUG
KORYTO;TRAY / TROUGH
KOSA;SIDE SPOILER
KOSTKA;CONNECTOR / PLUG
KOSZ;BASKET / HOLDER / CARRIER
KOTWICZNA;ANCHOR / BACKING PLATE
KOŁA;WHEEL
KOŁACH;WHEELS
KOŁO;WHEEL
KOŁPAK;HUBCAP
KOŁPKAKI;HUBCAPS
KOŁYSKA;SUBFRAME
KOŁYSKA;SUBFRAME
KOŁYSKI;SUBFRAME
KOŃCOWA;END / FINAL
KOŃCOWY;END / FINAL
KOŃCÓWKA;TIP / END
KPL;SET / KIT
KRATK;GRILLE
KRATKA;GRILLE
KRATKI;GRILLES
KROKOWY;STEPPER
KRZYŻAK;UNIVERSAL JOINT / SPIDER
KRÓCIEC;CONNECTOR / STUB PIPE
KSENON;XENON
KSENONÓW;XENON
KSM;KSM
KUBEK;CUP HOLDER / CUP
KUBKI;CUP HOLDERS / CUPS
KUFER;TRUNK / CASE
KURTYN;CURTAIN AIRBAGS
KURTYNA;CURTAIN AIRBAG
KURTYNY;CURTAIN AIRBAGS
KÓŁ;WHEELS
KĄTA;ANGLE
KĄTOWA;ANGLE / CORNER
KŁY;BULL BAR TEETH
L+P;L+R
LA7N;LA7N
LA7W;LA7W
LAGI;FORK LEGS
LAMBDA;LAMBDA
LAMINAT;LAMINATE
LAMP;LIGHTS
LAMPA;LIGHT / LAMP
LAMPE;LIGHT / LAMP
LAMPKA;INTERIOR LIGHT / SMALL LAMP
LAMPKI;INTERIOR LIGHTS / SMALL LAMPS
LAMPY;LIGHTS / LAMPS
LAMPĄ;LIGHT / LAMP
LAMPĘ;LIGHT / LAMP
LANDIRENZO;LANDIRENZO
LATARKA;FLASHLIGHT
LATO;SUMMER
LC9X;LC9X
LCD;LCD
LCI;LCI
LDC;LDC
LED;LED
LEDD;LED
LEKKI;LIGHT
LESS;LESS / WITHOUT
LETNIE;SUMMER
LEWAREK;GEAR LEVER / JACK
LEWARKA;GEAR LEVER / JACK
LEWEE;LEFT
LEWEGO;LEFT
LEWT;LEFT
LEWY+PRZEŁĄCZNIK;LEFT+SWITCH
LEWYCH;LEFT
LEŻANKA;BUNK / COUCH
LF7Y;LF7Y
LICZNIK;INSTRUMENT CLUSTER / SPEEDOMETER
LICZNIKA;INSTRUMENT CLUSTER / SPEEDOMETER
LIFT;FACELIFT
LINE;LINE
LINKA;CABLE
LINKAI;CABLES
LINKAMI;CABLES
LINKI;CABLES
LISTWA;TRIM / STRIP / RAIL
LISTWOWA;RACK / STRIP
LISTWY;TRIMS / STRIPS / RAILS
LISTWYA;TRIM / STRIP / RAIL
LNG;LNG
LODÓWKA;REFRIGERATOR / FRIDGE
LODÓWKI;REFRIGERATORS / FRIDGES
LOGO;LOGO
LOKALIZACJI;LOCATION
LONG;LONG
LOVATO;LOVATO
LOTKA;SPOILER / WING
LPG;LPG
LS;LS
LTE;LTE
LUSTEREK;MIRRORS
LUSTERKA;MIRRORS
LUSTERKO;MIRROR
LUSTRKO;MIRROR
LUXURY;LUXURY
LUZUJĄCY;RELEASING / SLACKENING
LY9T;LY9T
LZ1U;LZ1U
ŁÓŻKA;BEDS
M;M
M-PAKIET;M-PACKAGE
M780;M780
MAGISTRALA;MAIN LINE / RAIL
MAGLOWNICA;STEERING RACK
MAGLOWNICY;STEERING RACK
MAGNETYCZNY;MAGNETIC
MANETEK;STALK SWITCHES / PADDLES
MANETKA;STALK SWITCH / PADDLE
MANETKI;STALK SWITCHES / PADDLES
MANOMETREM;PRESSURE GAUGE
MANUAL;MANUAL
MAP;MAP
MARINCO;MARINCO
MARTWEGO;BLIND SPOT
MASKA;HOOD / BONNET
MASKI;HOOD / BONNET
MASKOWNICA;COVER / GRILLE / TRIM
MASKĘ;HOOD / BONNET
MASOWY;GROUND / EARTH
MATA;MAT
MATCH;MATCH
MATERAC;MATTRESS
MATRIX;MATRIX
MAXTON;MAXTON
MB;MB
MCPERSONA;MCPHERSON
ME;ME
MECHANIZM;MECHANISM
MECHATRONIKA;MECHATRONICS
MERCEDES;MERCEDES
MERCEDES-BENZ;MERCEDES-BENZ
MET;MET
METALOWA;METAL
METALOWE;METAL
MGU;MGU
MHEV;MHEV
MIDLUM;MIDLUM
MIECH;AIR BELLOWS / AIR BAG
MIESZEK;GAITER / BOOT
MIKROFON;MICROPHONE
MIKROSTYK;MICROSWITCH
MILDHYBRYD;MILD HYBRID
MIMOŚRODOWEGO;ECCENTRIC
MIMOŚRODOWY;ECCENTRIC
MINUS;MINUS / NEGATIVE
MINUSOWA;NEGATIVE
MISA;OIL PAN / SUMP
MISKA;OIL PAN / SUMP
MISKI;OIL PAN / SUMP
MJ-XJM;MJ-XJM
MMI;MMI
MOCOWANIA;MOUNTS / FIXINGS
MOCOWANIE;MOUNT / FIXING
MOCOWANIEM;MOUNT / FIXING
MOCUJĄCA;FIXING / HOLDING
MOCUJĄCE;FIXING / HOLDING
MOCY;POWER
MODUL;MODULE
MODULATOR;MODULATOR
MODUŁ;MODULE
MODULEM;MODULE
MODUŁU;MODULE
MONITOR;MONITOR / SCREEN
MONTAŻOWA;MOUNTING / ASSEMBLY
MONTAŻOWY;MOUNTING / ASSEMBLY
MOS;MOS
MOST;AXLE / DIFFERENTIAL
MOSTU;AXLE / DIFFERENTIAL
MOTOGODZIN;HOUR METER / ENGINE HOURS
MOTOWIDEŁ;REEL
MP3;MP3
MPX;MPX
MTS;MTS
MULF;MULF
MULTIFUNKCJA;MULTIFUNCTION
MULTIFUNKCJI;MULTIFUNCTION
MULTIMEDIA;MULTIMEDIA
MULTIMEDIALNY;MULTIMEDIA
MULTIPLEX;MULTIPLEX
MX11;MX11
N-LINE;N-LINE
NA;ON / TO
NABÓJ;CARTRIDGE / PYROTECHNIC INFLATOR
NACZEPA;SEMI-TRAILER
NACZEPY;SEMI-TRAILER
NAD;OVER
NADKOLA;WHEEL ARCH LINERS
NADKOLE;WHEEL ARCH LINER
NADMIARU;OVERFLOW / EXCESS
NADMUCH;AIR BLOWER / VENTILATION
NADMUCHU;AIR BLOWER / VENTILATION
NADWOZIA;BODYWORK
NAGRZEWNICA;HEATER CORE
NAGRZEWNICY;HEATER CORE
NAGŁOŚNIENIA;SOUND SYSTEM
NAKŁADKA;COVER / TRIM / OVERLAY
NAKŁADKI;COVERS / TRIMS / OVERLAYS
NANO;NANO
NAPĘDOWY;DRIVE
NAPINACZ;TENSIONER
NAPINACZA;TENSIONER
NAPINACZE;TENSIONERS
NAPIS;INSCRIPTION / BADGE
NAPISY;INSCRIPTIONS / BADGES
NAPIĘCIA;VOLTAGE
NAPOJE;DRINKS / CUP HOLDER
NAPRAWCZY;REPAIR
NAPĘD;DRIVE
NAPĘDOWY;DRIVE
NAPĘDU;DRIVE
NAPĘDÓW;DRIVES
NAPĘOWY;DRIVE
NAROŻNA;CORNER
NAROŻNIK;CORNER
NARTY;SKIS / SKI BAG
NARZĘDZI;TOOLS
NARZĘDZIA;TOOLS
NASTAWNIK;ACTUATOR / ADJUSTER
NASŁONECZNIENIA;SUNLIGHT / SOLAR RADIATION
NAVI;NAVI
NAWIEWU;AIR VENT / BLOW
NAWIGACJA;NAVIGATION
NAWIGACJI;NAVIGATION
NAZIEMNEJ;TERRESTRIAL
NERKA;KIDNEY GRILLE
NERKI;KIDNEY GRILLES
NEVO;NEVO
NEVO-SKY;NEVO-SKY
NIESZCZELNOŚCI;LEAK
NIGHT;NIGHT
NISKOTONOWY;WOOFER / BASS
NISTWA;TRIM / STRIP
NIVO;NIVO
NOCNEJ;NIGHT
NOSZE;STRETCHER
NOTATNIKA;NOTEBOOK
NOWA;NEW
NOX;NOX
O303;O303
OBD;OBD
OBEJMA;CLAMP / CLIP
OBIEGU;CIRCULATION
OBNIŻANIA;LOWERING
OBROTNICA;TURNTABLE / SLEW RING
OBROTOMIERZ;TACHOMETER / REV COUNTER
OBROTOWY;ROTARY
OBROTU;ROTATION
OBRYSOWA;MARKER / OUTLINE
OBRYSÓWEK;MARKER LIGHTS
OBRÓT,;ROTATION,
OBUDOWA;HOUSING / CASE
OBUDOWY;HOUSING / CASE
OCHRONY;PROTECTION
OD;FROM
ODBIORNIK;RECEIVER
ODBIORU;RECEPTION
ODBLASK;REFLECTOR
ODBLOKOWANIA;UNLOCKING
ODBÓJ;BUMP STOP / BUFFER
ODMA;OIL SEPARATOR / BREATHER
ODMY;OIL SEPARATOR / BREATHER
ODO;ODO
ODPOWIETRZAJĄCY;BREATHER / VENT
ODPOWIETRZENIA;VENTING
ODPOWIETRZENIE;VENTING
ODPOWIETRZNIK;BREATHER / VENT VALVE
ODPŁYW;DRAIN / OUTLET
ODSZRANIACZ;DEFROSTER
ODTWARZACZ;PLAYER
OFF;OFF
OGON;TAIL
OGRANICZAJĄCY;LIMITING
OGRANICZNIK;LIMITER / DOOR STAY
OGRANICZNIKI;LIMITERS / DOOR STAYS
OGRZEWANIA;HEATING
OGRZEWANIE;HEATING
OGRZEWANIEM;HEATING
OKULAR;HEADLIGHT SURROUND / FRAME
OKULARY;HEADLIGHT SURROUNDS / FRAMES
OLEJ;OIL
OLEJOWA;OIL
OLEJOWE;OIL
OLEJOWEJ;OIL
OLEJOWY;OIL
OLEJU;OIL
OLUFSEN;OLUFSEN
ONLINE;ONLINE
OPARCIE;BACKREST
OPARÓW;VAPORS
OPENER;OPENER
OPON;TYRES
OPONA;TYRE
OPONACH;TYRES
OPONIE;TYRE
OPONY;TYRES
OPORNICA;RESISTOR
OPORNIK;RESISTOR
OPOROWE;THRUST / RESISTANCE
OPTIMA;OPTIMA
ORBITROL;ORBITROL
ORGANIZER;ORGANIZER
ORUROWANIE;BULL BAR / ROLL BAR
OS;AXLE
OSI;AXLE
OSPRZĘTU;ACCESSORIES / ANCILLARIES
OSTRZEGAWCZA;WARNING
OSUSZACZ;DRIER
OSUSZACZA;DRIER
OSŁONA;COVER / GUARD / SHIELD
OSŁONY;COVERS / GUARDS / SHIELDS
OTWARCIA;OPENING
OTWIERANIA;OPENING
OUTDOOR;OUTDOOR
OUTER;OUTER
OWIEWKA;DEFLECTOR / FAIRING
OWIWEWKA;DEFLECTOR / FAIRING
OZDOBNA;DECORATIVE / ORNAMENTAL
OŚ;AXLE
OŚ,;AXLE,
OŚWIETELNIA;LIGHTING
OŚWIETLENIA;LIGHTING
OŚWIETLENIE;LIGHTING
P+L;R+L
PAJĄK;COMBINATION SWITCH / STALK
PAKA;TRUCK BED / CARGO AREA
PALIWA;FUEL
PALIWOWE;FUEL
PALIWOWEGO;FUEL
PALIWOWY;FUEL
PAMIĘCI;MEMORY
PANEL;PANEL
PANELU;PANEL
PANORAMA;PANORAMA
PANORAMICZNE;PANORAMIC
PANORAMY;PANORAMA
PAR;PAIR
PARA;PAIR
PARASOLKA;UMBRELLA
PARKING;PARKING
PARKOWANIA;PARKING
PAROWNIK;EVAPORATOR
PARROT;PARROT
PAS;BELT / FRONT PANEL
PASA;BELT / FRONT PANEL
PASAŻERA;PASSENGER
PASKA;BELT
PASOWE;BELT
PASY;BELTS
PASY,;BELTS,
PASÓW;BELTS
PAŁĄK;ROLL BAR / HOOP
PCC;PCC
PDC;PDC
PDM;PDM
PEAŁY;PEDALS
PEDAŁ;PEDAL
PEDAŁU;PEDAL
PEDAŁY;PEDALS
PEDAŁÓW;PEDALS
PIANO;PIANO
PIASTA;HUB
PIASTA;HUB
PIERŚCIEŃ;RING
PIERSCIEŃ;RING
PIESZEGO;PEDESTRIAN
PIESZYCH;PEDESTRIANS
PILOT;REMOTE CONTROL
PILOTA;REMOTE CONTROL
PIN;PIN
PINY;PINS
PIONOWA;VERTICAL
PIROTECHNICZNA;PYROTECHNIC
PIROTECHNICZNY;PYROTECHNIC
PLANDEKA;TARPAULIN
PLANETARNA;PLANETARY
PLASITK;PLASTIC
PLASTIK;PLASTIC
PLASTIKOWA;PLASTIC
PLASTK;PLASTIC
PLUG;PLUG
PLUS;PLUS
PLUSOWA;POSITIVE
PLUSOWEJ;POSITIVE
PLUSOWY;POSITIVE
PNEUMATYCZNA;PNEUMATIC
PNEUMATYCZNY;PNEUMATIC
PNEUMATYKI;PNEUMATICS
POCHŁANIACZ;ABSORBER / CANISTER
POD;UNDER
PODAJNIK;FEEDER
PODCIŚNIENIA;VACUUM
PODEST;PLATFORM / STEP
PODGRZEWACZ;HEATER
PODGRZEWANIA;HEATING
PODKABINOWY;UNDER-CABIN
PODNIESIENIA;LIFTING
PODNOSNIK;LIFT / JACK / WINDOW REGULATOR
PODNOSZENIA;LIFTING
PODNOŚNIK;LIFT / JACK / WINDOW REGULATOR
PODNÓŻEK;FOOTREST
PODPORA;SUPPORT
PODPORY;SUPPORTS
PODRÓŻY;TRAVEL / TRIP
PODSTAWA;BASE / MOUNT
PODSTAWY;BASE / MOUNT
PODSTOPNICA;FOOTREST / DEAD PEDAL
PODSUFITCE;HEADLINING
PODSUFITKA;HEADLINING
PODSUFITKI;HEADLININGS
PODSZYBIA;SCUTTLE PANEL / COWL
PODSZYBIE;SCUTTLE PANEL / COWL
PODUSZEK;AIRBAGS / CUSHIONS
PODUSZKA;AIRBAG / CUSHION
PODUSZKI;AIRBAGS / CUSHIONS
PODUSZKI,;AIRBAGS / CUSHIONS,
PODUSZKĄ;AIRBAG / CUSHION
PODWOZIA;CHASSIS / UNDERCARRIAGE
PODWÓJNA;DOUBLE
PODWÓJNY;DOUBLE
PODŁOGA;FLOOR
PODŁOGI;FLOOR
PODŁOGOWA;FLOOR
PODŁOGOWY;FLOOR
PODŁOKIETNIK;ARMREST
PODŁOKIETNIKIEM;ARMREST
PODŁOKIETNK;ARMREST
PODŁUŻNICA;CHASSIS RAIL / SIDE MEMBER
PODŁUŻNICE;CHASSIS RAILS / SIDE MEMBERS
PODŁUŻNICY;CHASSIS RAIL / SIDE MEMBER
PODŚWIETLANA;ILLUMINATED
PODŚWIETLANE;ILLUMINATED
PODŚWIETLANIA;ILLUMINATION
GŁOŚNOMOWIĄCY;HANDSFREE
PODŚWIETLENIA;ILLUMINATION
POJEDYŃCZY;SINGLE
POKRYW;COVERS / LIDS
POKRYWA;COVER / LID
POKRYWY;COVERS / LIDS
POKRĘTŁO;KNOB / DIAL
POLA;FIELD
POMARAŃCZOWA;ORANGE
POMP;PUMPS
POMPA;PUMP
POMPEK;PUMPS
POMPKA;PUMP
POMPKI;PUMPS
POMPKĄ;PUMP
POMPOWTRYSKIWACZ;UNIT INJECTOR
POMPOWTRYSKIWACZ;UNIT INJECTOR
POMPOWTRYSKIWACZ;UNIT INJECTOR
POMPY;PUMPS
POMPĄ;PUMP
POPIELNICZKA;ASHTRAY
POPRZECZNA;TRANSVERSE / CROSS
POPRZECZNY;TRANSVERSE / CROSS
POPYCHACZE;PUSHRODS / TAPPETS
PORT;PORT
POSTOJOWA;PARKING
POSTOJOWE;PARKING
POSTOJOWEGO;PARKING
POSZERZENIE;FENDER FLARE / EXTENSION
POSZYCIE;SKIN / UPHOLSTERY / PANEL
POTENCJOMETR;POTENTIOMETER
POWER;POWER
POWIETRZA;AIR
POWIETRZE;AIR
POWIETRZNA;AIR
POWROTNY;RETURN
POZIOMOWANIA;LEVELLING
POZIOMU;LEVEL
POŁOŻENIA;POSITION
POŚREDNIE;INDIRECT
PRAWE;RIGHT
PRAWEGO;RIGHT
PRAWYCH;RIGHT
PREMIUM;PREMIUM
PREŁĄCZNIK;SWITCH
PRO;PRO
PROGI;SILLS / SIDE SKIRTS
PROGOWA;SILL / SIDE SKIRT
PROGOWE;SILLS / SIDE SKIRTS
PROGOWEJ;SILL / SIDE SKIRT
PROGU;SILL / SIDE SKIRT
PROJEKTOR;PROJECTOR
PROWADNICA;GUIDE / RAIL
PROWADNICE;GUIDES / RAILS
PROWADNICY;GUIDE / RAIL
PROWADZĄCA;GUIDE
PRWAE;RIGHT
PRWY;RIGHT
PRZECIEWSŁONECZNA;SUN VISOR
PRZECIWMGIELNA;FOG LIGHT
PRZECIWMGIELNYCH;FOG LIGHTS
PRZECIWMGŁOWA;FOG LIGHT
PRZECIWSŁONECZNA;SUN VISOR
PRZEDNIA;FRONT
PRZEDNIA,;FRONT
PRZEDNIEGO;FRONT
PRZEDNIEJ;FRONT
PRZEDNIĄ;FRONT
PRZEDZIAŁU;COMPARTMENT
PRZEDŁUŻENIE;EXTENSION
PRZEDŁŻENIE;EXTENSION
PRZEGRODA;PARTITION / BULKHEAD
PRZEKAZNIK;RELAY
PRZEKAŻNIK;RELAY
PRZEKAŹNIK;RELAY
PRZEKAŹNIKOWY;RELAY
PRZEKŁADNI;GEARBOX / STEERING RACK
PRZEKŁADNIA;GEARBOX / STEERING RACK
PRZELEWOWE;OVERFLOW
PRZELEWY;OVERFLOWS
PRZELĄCZNIK;SWITCH
PRZENIESIENIA;TRANSFER / TRANSMISSION
PRZEPIĘCIOWY;SURGE / OVERVOLTAGE
PRZEPUSTNICA;THROTTLE BODY
PRZEPUSTNICE;THROTTLE BODIES
PRZEPUSTNICY;THROTTLE BODY
PRZEPŁYWOMIERZ;AIR FLOW METER
PRZESUWNE;SLIDING
PRZESUWNYCH;SLIDING
PRZETWORNICA;XENON BALLAST / INVERTER
PRZEWOD;CABLE / WIRE / HOSE
PRZEWODU;CABLE / WIRE / HOSE
PRZEWODY;CABLES / WIRES / HOSES
PRZEWODÓW;CABLES / WIRES / HOSES
PRZEWÓD;CABLE / WIRE / HOSE
PRZEŁACZNIK;SWITCH
PRZEŁACZNIKI;SWITCHES
PRZEŁĄCZNIK;SWITCH
PRZEŁĄCZNIKA;SWITCH
PRZEŁĄCZNIKI;SWITCHES
PRZEŁĄCZNIKÓW;SWITCHES
PRZOD;FRONT
PRZWÓ;CABLE / WIRE
PRZY;AT / BY
PRZYCISK;BUTTON
PRZYCISKI;BUTTONS
PRZYCISKÓW;BUTTONS
PRZYCZEPY;TRAILER
PRZYCZEPĄ;TRAILER
PRZYSATWKA;PTO / POWER TAKE-OFF
PRZYSPIESZENIA;ACCELERATION
PRZYSTAWKA;PTO / POWER TAKE-OFF
PRZYŁĄCZENIOWA;CONNECTION
PRZYŚPIESZACZ;ACCELERATOR / ADVANCE ADJUSTER
PRZYŚPIESZENIA;ACCELERATION
PRZÓ;FRONT
PRZÓD+SPRĘŻYNA;FRONT+SPRING
PRZÓDI;FRONT
PRÓG;SILL / STEP
PRÓŻNIOWA;VACUUM
PRĄDU;CURRENT
PRĘDKOŚCI;SPEED
PRĘT;ROD / BAR
PSAÓW;BELTS
PÓLKA;SHELF / PARCEL SHELF
PÓŁKA;SHELF / PARCEL SHELF
PÓŁKI;SHELVES / PARCEL SHELVES
WYSPRZĘGLIK;CLUTCH SLAVE CYLINDER
PÓŁOSIE;AXLE SHAFTS / DRIVE SHAFTS
PÓŁOŚ;AXLE SHAFT / DRIVE SHAFT
PÓŁRESOR;SEMI-LEAF SPRING
PÓŁRESORA;SEMI-LEAF SPRING
PŁUGA;PLOW
PŁYNU;FLUID
PŁYT;PLATES / DISCS
PŁYTA;PLATE / BOARD
PŁYWAK;FLOAT / FUEL SENDER
QBOX;QBOX
QMAX;QMAX
QUATTRO;QUATTRO
R;R
R-LINE;R-LINE
R01;R01
R02;R02
R1100;R1100
R420;R420
RACZKA;HANDLE
RADAR;RADAR / DISTRONIC
RADARU;RADAR / DISTRONIC
RADIA;RADIO
RADIO;RADIO
RADIOWEGO;RADIO
RAMA;FRAME / CHASSIS
RAMIE;ARM
RAMIONA;ARMS
RAMIĘ;ARM
RAMKA;FRAME / BEZEL / TRIM
RAMPOWE;RAMP
RAMY;FRAME / CHASSIS
RATUNKOWE;RESCUE / EMERGENCY
RAZOR;RAZOR
RDC;RDC
RDESIGN;R-DESIGN
REAKCYJNEGO;REACTION / TORQUE
REAKCYJNY;REACTION / TORQUE
RECYRKULATOR;EGR COOLER / RECIRCULATOR
RECYRKULATORA;EGR COOLER / RECIRCULATOR
RECZNEGO;MANUAL / HAND BRAKE
RED-1;RED-1
RED.1;RED.1
REDUKCJA;REDUCTION / ADAPTER
REDUKTOR;REDUCER / VAPORIZER
REDUKTORA;REDUCER / VAPORIZER
REDUKTOREM;REDUCER / VAPORIZER
REDUKUJĄCY;REDUCING
REFLEKTOR;HEADLIGHT
REFLEKTORA;HEADLIGHT
REFLEKTORY;HEADLIGHTS
REFLEKTORÓW;HEADLIGHTS
REGULACJA;ADJUSTMENT / REGULATION
REGULACJI;ADJUSTMENT / REGULATION
REGULATOR;REGULATOR
REJESTRACYJNEJ;REGISTRATION / LICENSE PLATE
REKIN;SHARK FIN ANTENNA
RELING;ROOF RAIL
RELINGI;ROOF RAILS
REM;REM
RENAULT;RENAULT
REO;REO
RESETOWANIA;RESETTING
RESOR;LEAF SPRING
RESORA;LEAF SPRING
RESORA,;LEAF SPRING,
RESORU;LEAF SPRING
RETARDERA;RETARDER
REV-4;REV-4
REZONATOR;RESONATOR
REZYSTOR;RESISTOR
RHD;RHD
RIGHT;RIGHT
RINGFEDER;RINGFEDER
RINGI;RINGS / HALO LIGHTS
ROLETA;BLIND / COVER / ROLLER BLIND
ROLETKA;BLIND / COVER / ROLLER BLIND
ROLETY;BLINDS / COVERS
ROLKA;PULLEY / ROLLER
ROLKI;PULLEYS / ROLLERS
ROLKĄ;PULLEY / ROLLER
ROR;ROR
RORZĄDU;TIMING BELT / CHAIN
ROUSH;ROUSH
ROZDZIELACZ;DISTRIBUTOR / MANIFOLD
ROZDZIELACZA;DISTRIBUTOR / MANIFOLD
ROZDZIELCZA;DISTRIBUTION / DASHBOARD
ROZDZIELCZEJ;DISTRIBUTION / DASHBOARD
ROZPREŻNY;EXPANSION
ROZPRĘŻNY;EXPANSION
ROZPÓRKA;STRUT BAR
ROZPÓRKI;STRUT BARS
ROZRUSZNIK;STARTER MOTOR
ROZRUSZNIKA;STARTER MOTOR
ROZRZADU;TIMING
ROZRZĄDU;TIMING
RP/G;RP/G
RS;RS
RSCA;RSCA
RT;RT
RUCHU;TRAFFIC / MOVEMENT
RUNFLAT;RUNFLAT
RURA;PIPE
RURKA;PIPE / TUBE
RURKI;PIPES / TUBES
POMPOWTRYSKIWACZE;UNIT INJECTORS
RURY;PIPES
RX4;RX4
RYGIEL;BOLT / LATCH / LOCK PIN
RYNNA;GUTTER / CHANNEL
RZUTNIK;PROJECTOR / HUD
RZĄD;ROW
RÓŻNICY;DIFFERENCE / DIFFERENTIAL
RĄCZKA;HANDLE
RĄCZKI;HANDLES
RĘCZNEGO;HAND / MANUAL
RĘCZNY;HAND / MANUAL
S;S
S-LINE;S-LINE
S4;S4
S8D3;S8D3
SAF;SAF
SAM;SAM
SAMOCHODOWY;CAR / AUTOMOTIVE
SANEK;SUBFRAME
SANKI;SUBFRAME
SAS;SAS
SATELITARNE;SATELLITE
SBC;SBC
SCANIA;SCANIA
SCHOWE;STORAGE / GLOVE BOX
SCHOWEK;STORAGE / GLOVE BOX
SCHOWKA;STORAGE / GLOVE BOX
SCIANA;WALL / BULKHEAD
SCIANY;WALLS / BULKHEADS
SCR;SCR
SCV;SCV
SD;SD
SDI;SDI
SE-R;SE-R
SELEKTOR;SELECTOR
SENSOR;SENSOR / ECU
SEPARATOR;SEPARATOR
SEQUENT;SEQUENT
SERVICE;SERVICE
SERVOTRONIC;SERVOTRONIC
SERWA;BRAKE BOOSTER
SERWO;BRAKE BOOSTER
SET;SET / KIT
SF;SF
SFERA;SPHERE / ACCUMULATOR
SHARK;SHARK
SIATKA;NET
SIATKI;NETS
SIEDZENIE;SEAT
SIEDZISKA;SEAT CUSHION / BASE
SIEDZISKO;SEAT CUSHION / BASE
SIENA;SIENA
SIERŻANT;V-STAY / RADIUS ROD
SILL;SILL
SILNICZEK;MOTOR / ACTUATOR
SILNIK;ENGINE
SILNIK,;ENGINE,
SILNIKA;ENGINE
SILNIKIEM;ENGINE
SILVERBOX;SILVERBOX
SIM;SIM
SIMERING;OIL SEAL
SIODŁA;FIFTH WHEEL
SIODŁO;FIFTH WHEEL
SIROKKO;SIROKKO
SIŁOWNI;ACTUATORS / STRUTS
SIŁOWNIK;ACTUATOR / RAM / CYLINDER
SIŁY;FORCE / POWER
SKRAPLACZ;CONDENSER
SKROPLONEJ;LIQUEFIED
SKRZYDŁOWE;WING / BARN DOOR
SKRZYNI;GEARBOX / TRANSMISSION
SKRZYNIA;GEARBOX / TRANSMISSION
SKRZYNIĘ;GEARBOX / TRANSMISSION
SKRZYNKA;BOX / CASE
SKRZYNKI;BOXES / CASES
SKRĘTNA;STEERING / TORSION
SKRĘTNEJ;STEERING / TORSION
SKRĘTNY;STEERING / TORSION
SKRĘTU;STEERING / TURNING
SKYACTIVE;SKYACTIVE
SKÓRA;LEATHER
SKŁADANIA;FOLDING
SKŁADANY;FOLDING
SL;SL
SMAART;SMART
SMART;SMART
SMARTKEY;SMARTKEY
SMB10800;SMB10800
SMOK;OIL PICKUP TUBE
SOCZEWKA;LENS
SOCZEWKI;LENSES
SOLAR;SOLAR
SONDA;SENSOR / PROBE
SONY;SONY
SOS;SOS
SPAL;SPAL
SPALANIA;COMBUSTION
SPALIN;EXHAUST GAS
SPIOLER;SPOILER
SPOILER;SPOILER
SPOILERA;SPOILER
SPOJLERA;SPOILER
SPORT;SPORT
SPRYSKIWACZ;WASHER / JET
SPRYSKIWACZA;WASHER / JET
SPRYSKIWACZE;WASHERS / JETS
SPRYSKIWACZY;WASHERS / JETS
SPRZEGŁA;CLUTCH
SPRZEGŁO;CLUTCH
SPRZĘGIEŁKO;CLUTCH / HUB
SPRZĘGŁA;CLUTCH
SPRZĘGŁO;CLUTCH
SPRĘŻARKA;COMPRESSOR
SPRĘŻARKI;COMPRESSOR
SPRĘŻYNA;SPRING
SPRĘŻYNY;SPRINGS
SPRĘŻYNĄ;SPRING
SQ5;SQ5
SRODKOWY;CENTRAL / MIDDLE
SRR;SRR
SRZYNKA;BOX
SSĄCEGO;INTAKE
SSĄCY;INTAKE
ST;ST
STABILIZATOR;STABILIZER BAR / SWAY BAR
STABILIZATORA;STABILIZER BAR / SWAY BAR
STABILNOŚCI;STABILITY
STACYJKA;IGNITION SWITCH
STACYJKI;IGNITION SWITCH
STAG;STAG
STAG-300-6;STAG-300-6
STAG-4;STAG-4
STAG-OBD;STAG-OBD
STALOWA;STEEL
STALOWE;STEEL
STAR;STAR
START;START
STARTER;STARTER
STARTOWY;STARTING
STARTOWYMODUŁ;START MODULE
STAŁYCH;FIXED
STELAZ;FRAME / BRACKET
STELAŻ;FRAME / BRACKET
STELLA;STELLA
STERONIK;CONTROLLER / ECU
STEROWANIA;CONTROL
STEROWANIE;CONTROL
STEROWANIK;CONTROLLER / ECU
STEROWNIK;CONTROLLER / ECU
STEROWNIKA;CONTROLLER / ECU
STERUJĄCA;CONTROL
STERUJĄCY;CONTROL
STKOMPLET;ST SET
STOLIK;TABLE
STOP;STOP
STOP,;STOP
STOPIEŃ;STEP
STOPKA;FOOT / BRACKET
STOPNIA;STEP / DEGREE
STOPNICA;STEP / RUNNING BOARD
STOPNICY;STEP / RUNNING BOARD
STOPNIE;STEPS
STREFA;ZONE
STREFY;ZONES
STROWNIK;CONTROLLER / ECU
STUKOWEGO;KNOCK
STYCZNIK;CONTACTOR / RELAY
STYCZNIKI;CONTACTORS / RELAYS
STYKI;CONTACTS
STYROPIAN;POLYSTYRENE / FOAM
SUBWOOFER;SUBWOOFER
SUFITOWA;CEILING / ROOF
SUPERCHARGED;SUPERCHARGED
SUWAK;SLIDER
SWAP;SWAP
SWIATEŁ;LIGHTS
SWIATEŁCUV,E32;LIGHTS E32
SWORZEŃ;PIN / BOLT / BALL JOINT
SYCZEK;TWEETER
SYGNAŁ;SIGNAL / HORN
SYGNAŁU;SIGNAL
SYPIALNA;SLEEPING / BUNK
SYRENA;SIREN / ALARM
SYRENY;SIREN / ALARM
SZKIELET;SKELETON / FRAME
SZKŁO;GLASS
SZPERACZ;SEARCHLIGHT / SPOTLIGHT
SZT;PCS
SZTUKI;PCS
SZTYCĄ;POST / STEM / COLUMN
SZUFLADA;DRAWER
SZUFLADKA;DRAWER
SZYB;WINDOWS
SZYBA;WINDOW / GLASS
SZYBERDACH;SUNROOF
SZYBERDACHU;SUNROOF
SZYBY;WINDOWS
SZYBĘ;WINDOW / GLASS
SZYNA;RAIL
SZYNY;RAILS
SŁOPKI;PILLARS
SŁUPEK;PILLAR / POST
SŁUPKA;PILLAR / POST
SŁUPKI;PILLARS / POSTS
SŁUPKÓW;PILLARS / POSTS
TABLET;TABLET
TABLETU;TABLET
TABLICA;BOARD / PANEL / CLUSTER
TABLICY;BOARD / PANEL / CLUSTER
TACHOGRAF;TACHOGRAPH
TACHOGRAFEM;TACHOGRAPH
TAPICERKA;UPHOLSTERY / TRIM
TARCZA;DISC / DIAL / PLATE
TARCZE;DISCS / DIALS / PLATES
TARCZY;DISC / DIAL / PLATE
TARTARINI;TARTARINI
TAŚMA;TAPE / RIBBON CABLE
TAŚMY;TAPES / RIBBON CABLES
TCM;TCM
TCS;TCS
TCU;TCU
TEC;TEC
TEC67;TEC67
TECNA;TECNA
TEL-BOX;TEL-BOX
TELEFON;TELEPHONE
TELEFONU;TELEPHONE
TELEMATIC;TELEMATIC
TELEMATIV;TELEMATIV
TELESKOP;TELESCOPE / STRUT / SHOCK
TELESTART;TELESTART
TELMA;TELMA
TEMPERATURY;TEMPERATURE
TEMPERATURĄ;TEMPERATURE
TEMPOMAT;CRUISE CONTROL
TEMPOMATU;CRUISE CONTROL
TERMICZNA;THERMAL
TERMOASTATU;THERMOSTAT
TERMOSTAT;THERMOSTAT
TERMOSTATU;THERMOSTAT
TEST;TEST
THERMO;THERMO
TK1;TK1
TME-;TME
TMPS;TPMS
TMS;TMS
TOM;TOM
TOMTOM;TOMTOM
TOP;TOP
TOPLINE;TOPLINE
TOPVIEW;TOPVIEW
TORU;TRACK / PATH
TPM;TPM
TPMS;TPMS
TRAKCJI;TRACTION
TRANSCEIVER;TRANSCEIVER
TRIM;TRIM
TRIP;TRIP
TRYBU;MODE
TRZECI;THIRD
TRÓJKĄT;TRIANGLE
TUNEL;TUNNEL / CONSOLE
TUNELU;TUNNEL / CONSOLE
TUNER;TUNER
TUNING;TUNING
TURBINY;TURBO / TURBINE
TURBO;TURBO
TURBOSPRĘŻARKA;TURBOCHARGER
TURBOSPRĘŻARKI;TURBOCHARGER
TV;TV
TWARDOŚCI;HARDNESS / STIFFNESS
TYLNA;REAR
TYLNEGO;REAR
TYLNEJ;REAR
TYLNIEGO;REAR
TYLNY;REAR
TYLNYCH;REAR
TYP;TYPE
TYPE;TYPE
TŁOK;PISTON
TŁOKI;PISTONS
TŁUMIK;SILENCER / MUFFLER
TŁUMIKA;SILENCER / MUFFLER
TŁUMIKI;SILENCERS / MUFFLERS
UCH;UCH
UCHO;EYE / TOWING EYE
UCHWYT;HOLDER / BRACKET / HANDLE
UCHWYTY;HOLDERS / BRACKETS / HANDLES
UCHYLNA;TILT / OPENING
UDERZENIOWY;IMPACT / CRASH
UDERZEńOWY;IMPACT / CRASH
UKŁADU;SYSTEM
UNIT;UNIT
UP;UP
UPC;UPC
USA;USA
USB;USB
USM;USM
USZCZELKA;GASKET / SEAL
USZCZELNIACZ;OIL SEAL
USZTYWNIENIE;STIFFENING / REINFORCEMENT
USŁUG;SERVICES
UTP;UTP
UWE;UWE
V-TEC;VTEC
V10;V10
VACUM;VACUUM
VALTEK;VALTEK
VALVEMATIC;VALVEMATIC
VALVETRONIC;VALVETRONIC
VANOS;VANOS
VDC;VDC
VDC2;VDC2
VDP;VDP
VEB;VEB
VECU;VECU
VIC;VIC
VIDEO;VIDEO
VISION;VISION
VOLVO;VOLVO
VORDON;VORDON
VTEC;VTEC
W;W
W01-3;W01-3
W01-4;W01-4
W02-4;W02-4
WABCO;WABCO
WAHACH;ARMS / WISHBONES
WAHACZ;CONTROL ARM / WISHBONE
WAHACZE;CONTROL ARMS / WISHBONES
WARIATOR;VARIATOR
WAŁ;SHAFT
WAŁEK;SHAFT / CAMSHAFT
WAŁKA;SHAFT / CAMSHAFT
WAŁKI;SHAFTS / CAMSHAFTS
WAŁKU;SHAFT / CAMSHAFT
WAŁU;SHAFT / CRANKSHAFT
WEBASTO;WEBASTO
WENTYLACJA;VENTILATION
WENTYLATGOR;FAN
WENTYLATOR;FAN
WENTYLATORA;FAN
WENTYLATOREK;SMALL FAN
WENTYLATORÓW;FANS
WENTYLOWANIA;VENTILATING
WEWNĘTRZNEJ;INTERNAL / INNER
WEWNĘTRZNY;INTERNAL / INNER
WIĄZKA;WIRING HARNESS
WIDELCA;FORK
WIDELEC;FORK
WIELODROGOWY;MULTI-WAY / MULTI-CIRCUIT
WIELODROŻNY;MULTI-WAY / MULTI-CIRCUIT
WIELOSEZON;ALL-SEASON
WIENIEC;RING GEAR / RIM
WIESZAK;HANGER / BRACKET
WIFI;WIFI
WINDA;LIFT / TAIL LIFT
WINDY;LIFT / TAIL LIFT
WISKOZA;VISCOUS COUPLING
WISKOZY;VISCOUS COUPLING
WIZYTOWNIK;BUSINESS CARD HOLDER
WIĄZKA;WIRING HARNESS
WIĄZKĄ;WIRING HARNESS
WKŁAD;INSERT / CARTRIDGE / GLASS
WKŁADKA;INSERT / LOCK CYLINDER
WLECZONA;TRAILING
WLECZONA,;TRAILING,
WLECZONEJ;TRAILING
WLEW;FILLER / INLET
WLEWU;FILLER / INLET
WLOT;INTAKE / INLET
WLOTU;INTAKE / INLET
WNĘKA;RECESS / POCKET
WNĘKI;RECESSES / POCKETS
WNĘTRZA;INTERIOR
WOD;WATER
WODNY;WATER
WODY;WATER
WPINKA;CLIP / FASTENER
WPINKI;CLIPS / FASTENERS
WPORNIK;SUPPORT / BRACKET
WPRYSKIWACZY;INJECTORS
WSKAŹNIK;INDICATOR / GAUGE
WSKAŹNIKÓW;INDICATORS / GAUGES
WSPOMAGANIA;POWER STEERING
WSPOMAGANIA+WĘŻE;POWER STEERING+HOSES
WSPORNIK;SUPPORT / BRACKET
WSPORNIKA;SUPPORT / BRACKET
WSPORNIKIEM;SUPPORT / BRACKET
WSTECZNEGO;REVERSE
WSTĘPNA;PRELIMINARY / PRE-
WTRSYKIWACZ;INJECTOR
WTRYSK;INJECTION
WTRYSKI;INJECTION / INJECTORS
WTRYSKIWACZ;INJECTOR
WTRYSKIWACZE;INJECTORS
WTRYSKIWACZY;INJECTORS
WTRYSKOWA;INJECTION
WTRYSKOWE;INJECTION
WTRYSKOWEJ;INJECTION
WTRYSKU;INJECTION
WTRYSKÓW;INJECTION
WTYCZKA;PLUG / CONNECTOR
WTÓRNEGO;SECONDARY
WUGŁUSZENIE;SOUNDPROOFING / INSULATION
WYBIERAK;GEAR SELECTOR
WYCIERACZEK;WIPERS
WYCIERACZKI;WIPERS
WYCISZANIA;SOUNDPROOFING
WYCISZENIA;SOUNDPROOFING
WYCIĄGARKA;WINCH
WYCIĄGARKI;WINCH
WYDECH;EXHAUST
WYDECHOW;EXHAUST
WYDECHOWA;EXHAUST
WYDECHOWEGO;EXHAUST
WYDECHOWY;EXHAUST
WYDECHU;EXHAUST
WYGŁUSZENIE;SOUNDPROOFING / INSULATION
WYKRYWANIA;DETECTION
WYKŁADZINA;CARPETING / LINER
WYPEŁNIENIE;FILLING / PADDING
WYRÓWNAWCZEGO;EXPANSION / COMPENSATING
WYRÓWNAWCZY;EXPANSION / COMPENSATING
WYRÓWNOWAŻAJĄCY;BALANCING
WYSOKIEGO;HIGH
WYSOKOTONOWY;TWEETER / HIGH-TONE
WYSOKOŚCI;HEIGHT
WYSPRZEGLIK;CLUTCH SLAVE CYLINDER
WYSPRZÉGLIK;CLUTCH SLAVE CYLINDER
WYSPRZÉGLIKA;CLUTCH SLAVE CYLINDER
WYSWIETLACZA;DISPLAY
WYWROTU;TIPPING / CAB TILT
WYŚWIETLACZ;DISPLAY
WYŚWIETLACZA;DISPLAY
WYŚWIETLACZEM;DISPLAY
WZMACNIACZ;AMPLIFIER
WZMACNIACZA;AMPLIFIER
WZMOCNIENIE;REINFORCEMENT
WĄS;STEERING ARM / PITMAN ARM
WĄŻ;HOSE
WĘGLOWEGO;CARBON / CHARCOAL
WĘGLOWY;CARBON / CHARCOAL
WĘŻA;HOSE
WŁACZNIK;SWITCH
WŁĄCZNIK;SWITCH
XENON;XENON
XF;XF
XXI;XXI
YG7;YG7
YOKOHAMA;YOKOHAMA
Z;WITH / FROM
Z/C;Z/C
ZA;BEHIND
ZABUDOWA;BODY / STRUCTURE / HOUSING
ZACISK;BRAKE CALIPER / CLAMP
ZACISKI;BRAKE CALIPERS / CLAMPS
ZACISKU;BRAKE CALIPER / CLAMP
ZACZEP;HITCH / COUPLING / HOOK
ZAGŁÓWEK;HEADREST
ZAGŁÓWKI;HEADRESTS
ZAJĘCIA;OCCUPANCY
ZAKABINOWA;BEHIND-CABIN
ZAKABINOWY;BEHIND-CABIN
ZAKOŃCZENIE;END PIECE / TERMINATION
ŻALUZJA;SHUTTER / BLIND
ZAMACHOWE;FLYWHEEL
ZAMCHOWE;FLYWHEEL
ZAMEK;LOCK
ZAMKA;LOCK
ZAMKI;LOCKS
ZAMKÓW;LOCKS
ZAMYKANIA;CLOSING
ZANOTTI;ZANOTTI
ZAPALNICZKI;CIGARETTE LIGHTER
ZAPAROWANIA;FOGGING / MISTING
ZAPASOWEGO;SPARE
ZAPINKA;CLIP / FASTENER
ZAPINKI;CLIPS / FASTENERS
ZAPŁONOWA;IGNITION
ZAPŁONOWE;IGNITION
ZAPŁONOWY;IGNITION
ZAPŁONU;IGNITION
ZASILAJĄCY;POWER SUPPLY / FEED
ZASILANIA;POWER SUPPLY / FEED
ZAVOLI;ZAVOLI
ZAWIAS;HINGE
ZAWIASU;HINGE
ZAWIASY;HINGES
ZAWIASÓW;HINGES
ZAWIESZENIA;SUSPENSION
ZAWIESZENIE;SUSPENSION
ZAWORÓW;VALVES
ZAWÓE;VALVE
ZAWÓR;VALVE
ZAŁADUNKOWA;LOADING
ZAŚLEPKA;BLANKING PLUG / COVER
ZAŚLEPKĄ;BLANKING PLUG / COVER
ZBIORNICZEK;RESERVOIR / TANK
ZBIORNICZKA;RESERVOIR / TANK
ZBIORNIK;TANK
ZBIORNIKA;TANK
ZBLIŻENIOWY;PROXIMITY
ZDALNEGO;REMOTE
ZDERZAK;BUMPER
ZDERZAKA;BUMPER
ZE;FROM / WITH
ZEGAREK;CLOCK / WATCH
ZEGARY;INSTRUMENT CLUSTER / GAUGES
ZEGARÓW;INSTRUMENT CLUSTER / GAUGES
ZENEC;ZENEC
ZENIT;ZENIT
ZERO;ZERO
ZESPOLONY;COMBINED / ASSEMBLY
ZESPÓŁ;ASSEMBLY / UNIT
ZESTAW;SET / KIT
ZETA;ZETA
ZETA-N;ZETA-N
ZETA-S;ZETA-S
ZGARNIAJĄCA;SCRAPER / WIPER
ZGARNIAJĄCE;SCRAPERS / WIPERS
ZGNIOTU;CRUMPLE / CRUSH
ZGW;ZGW
ZIMA;WINTER
ZIMOWE;WINTER
ZMIANY;CHANGE
ZMIENIARKA;CD CHANGER
ZMIENNEJ;VARIABLE
ZMIENNYCH;VARIABLE
ZMIERZCHU;DUSK / TWILIGHT
ZNACZEK;BADGE / EMBLEM
ZR17;ZR17
ZWIJAK;REEL / CLOCK SPRING
ZWIJARKA;REEL / ROLLER
ZWROTNICA;STEERING KNUCKLE
ZWROTNICA,;STEERING KNUCKLE,
ZWROTNICY;STEERING KNUCKLE
ZWROTNY;RETURN / CHECK
ZĘBATE;TOOTHED / GEARED
ZĘBATKA;SPROCKET / GEAR
ZŁOMU;SCRAP
ZŁĄCZE;CONNECTOR / COUPLING
ĆWIARTKA;QUARTER PANEL
ŁACZE;LINK / CONNECTION
ŁACZNIK;CONNECTOR / LINK / STABILIZER LINK
ŁADOWANIA;CHARGING
ŁADOWAREK;CHARGERS
ŁADOWARKA;CHARGER
ŁADUNKOWA;CARGO / LOADING
ŁAPA;BRACKET / ENGINE MOUNT / CLAW
ŁAPACZ;CATCHER / TRAP
ŁAPAMI;BRACKETS / MOUNTS
ŁAPY;BRACKETS / MOUNTS
ŁOPATKI;PADDLES / BLADES
ŁOZYSKO;BEARING
ŁOŻYSKO;BEARING
ŁYŻKA;BUCKET / SPOON / SHOVEL
ŁÓŻKA;BEDS
ŁÓŻKO;BED
ŁĄCZNIK;CONNECTOR / LINK / STABILIZER LINK
ŚCIANA;WALL / BULKHEAD
ŚCIANY;WALLS / BULKHEADS
ŚLIMAKOWA;WORM / SCROLL
ŚLIZG;SLIDE / GUIDE
ŚLIZGI;SLIDES / GUIDES
ŚRODEK;CENTER / INTERIOR / AGENT
ŚRODKOWA;CENTER / MIDDLE
ŚRODKOWEGO;CENTER / MIDDLE
ŚRODKOWY;CENTER / MIDDLE
ŚROKOWEGO;CENTER / MIDDLE
ŚRUBA;BOLT / SCREW
ŚRUBY;BOLTS / SCREWS
ŚWAITEŁ;LIGHTS
ŚWIATEŁ;LIGHTS
ŚWIATŁA;LIGHTS
ŚWIATŁO;LIGHT
ŚWIEC;SPARK PLUGS / GLOW PLUGS
ŚWIECA;SPARK PLUG / GLOW PLUG
ŚWIETLÓWKA;FLUORESCENT LAMP
ŻALUZJA;SHUTTER / BLIND
ŻALUZJI;SHUTTER / BLIND
ŻAROWA;GLOW
ŻAROWYCH;GLOW
ŻARÓWKA;BULB
